INSERT INTO `accesso` (`ufficio`, `pagina`) VALUES
(1, 1),
(1, 2),
(1, 3),
(1, 4),
(1, 5),
(1, 6),
(1, 7),
(1, 8),
(2, 1),
(2, 3),
(2, 4),
(2, 5),
(2, 6),
(2, 7),
(2, 8);
INSERT INTO `assicurazioni` (`id`, `created_at`, `veicolo`, `dal`, `al`, `note`, `compagnia`) VALUES
(23, '2024-08-05 12:08:23', 'ZA066XX', '2023-05-02 22:00:00', '2024-11-23 23:00:00', NULL, 'HDI ASSICURAZIONI'),
(24, '2024-08-30 09:09:56', 'AD18246', '2024-08-29 22:00:00', '2024-09-29 22:00:00', NULL, 'UNIPOLSAI'),
(25, '2024-08-30 09:21:20', 'AD13424', '2024-08-29 22:00:00', '2024-09-29 22:00:00', NULL, 'UNIPOLSAI'),
(26, '2024-08-30 09:21:53', 'AE27497', '2024-08-29 22:00:00', '2024-09-29 22:00:00', NULL, 'UNIPOLSAI'),
(27, '2024-08-30 09:23:15', 'AF59394', '2024-08-29 22:00:00', '2024-09-29 22:00:00', NULL, 'UNIPOLSAI'),
(28, '2024-08-30 09:24:19', 'DB482GF', '2024-08-29 22:00:00', '2024-09-29 22:00:00', NULL, 'UNIPOLSAI'),
(29, '2024-08-30 09:24:54', 'ED782FL', '2024-08-29 22:00:00', '2024-09-29 22:00:00', NULL, 'UNIPOLSAI'),
(30, '2024-08-30 09:27:42', 'FD093GW', '2024-08-29 22:00:00', '2024-09-29 22:00:00', NULL, 'UNIPOLSAI'),
(31, '2024-08-30 09:28:46', 'FD404ST', '2024-08-29 22:00:00', '2025-01-24 23:00:00', NULL, 'HDI'),
(32, '2024-08-30 11:09:27', 'FM012XL', '2024-08-29 22:00:00', '2025-03-08 23:00:00', NULL, 'HDI ASSICURAZIONI'),
(33, '2024-08-30 11:10:19', 'FS122FR', '2024-08-29 22:00:00', '2024-09-29 22:00:00', NULL, 'UNIPOLSAI ASSICURAZIONI'),
(34, '2024-08-30 11:11:29', 'FV918ZV', '2024-08-29 22:00:00', '2024-12-06 23:00:00', NULL, 'HDI ASSICURAZIONI'),
(35, '2024-08-30 11:12:14', 'FY570HC', '2024-08-29 22:00:00', '2024-11-04 23:00:00', NULL, 'UNIPOLSAI ASSICURAZIONI S.P.A.'),
(36, '2024-08-30 11:12:54', 'GA021PW', '2024-08-29 22:00:00', '2024-09-29 22:00:00', NULL, 'UNIPOLSAI ASSICURAZIONI S.P.A.'),
(37, '2024-08-30 11:14:18', 'GB287FV', '2024-08-29 22:00:00', '2024-09-21 22:00:00', NULL, 'IPTIQ EMEA P&C SA'),
(38, '2024-08-30 11:15:49', 'GE989NH', '2024-08-29 22:00:00', '2025-01-24 23:00:00', NULL, 'HDI ASSICURAZIONI'),
(39, '2024-08-30 11:16:59', 'GF062DX', '2024-08-29 22:00:00', '2024-09-29 22:00:00', NULL, 'UNIPOLSAI ASSICURAZIONI S.P.A.'),
(40, '2024-08-30 11:17:57', 'GF414DX', '2024-08-29 22:00:00', '2025-02-24 23:00:00', NULL, 'HDI ASSICURAZIONI'),
(41, '2024-08-30 11:23:13', 'GF767DX', '2024-08-29 22:00:00', '2024-11-10 23:00:00', NULL, 'HDI ASSICURAZIONI'),
(42, '2024-08-30 11:23:59', 'GF902DY', '2024-08-29 22:00:00', '2025-01-24 23:00:00', NULL, 'HDI ASSICURAZIONI'),
(43, '2024-08-30 11:24:48', 'GJ058TM', '2024-08-29 22:00:00', '2024-09-29 22:00:00', NULL, 'UNIPOLSAI ASSICURAZIONI S.P.A.'),
(44, '2024-08-30 11:25:43', 'GJ084TM', '2024-08-29 22:00:00', '2025-07-14 22:00:00', NULL, 'ALLIANZ S.P.A.'),
(45, '2024-08-30 11:26:34', 'GN373FR', '2024-08-29 22:00:00', '2025-01-25 23:00:00', NULL, 'HDI ASSICURAZIONI'),
(46, '2024-09-03 08:36:24', 'XA121PZ', '2024-09-02 22:00:00', '2024-09-29 22:00:00', NULL, 'UNIPOLSAI ASSICURAZIONI S.P.A.'),
(47, '2024-09-03 08:38:38', 'XA136PZ', '2024-09-02 22:00:00', '2024-09-29 22:00:00', NULL, 'UNIPOLSAI ASSICURAZIONI S.P.A.'),
(48, '2024-09-03 08:39:49', 'XA298RJ', '2024-09-02 22:00:00', '2025-01-28 23:00:00', NULL, 'AXA ASSICURAZIONI'),
(49, '2024-09-03 08:40:52', 'XA381RJ', '2024-09-02 22:00:00', '2024-11-21 23:00:00', NULL, 'HDI ASSICURAZIONI'),
(50, '2024-09-03 08:41:21', 'XA382RJ', '2024-09-02 22:00:00', '2024-11-21 23:00:00', NULL, 'HDI ASSICURAZIONI'),
(51, '2024-09-03 08:42:03', 'XA444EW', '2024-09-02 22:00:00', '2025-03-03 23:00:00', NULL, 'AXA ASSICURAZIONI'),
(52, '2024-09-03 08:42:53', 'XA462PL', '2024-09-02 22:00:00', '2024-09-29 22:00:00', NULL, 'UNIPOLSAI ASSICURAZIONI S.P.A.'),
(53, '2024-09-03 08:44:25', 'XA872EA', '2024-09-02 22:00:00', '2024-09-29 22:00:00', NULL, 'UNIPOLSAI ASSICURAZIONI S.P.A.'),
(54, '2024-09-03 08:45:08', 'XA853EA', '2024-09-02 22:00:00', '2025-02-18 23:00:00', NULL, 'AXA ASSICURAZIONI'),
(55, '2024-09-03 08:45:47', 'XA810JD', '2024-09-02 22:00:00', '2025-09-29 22:00:00', NULL, 'UNIPOLSAI ASSICURAZIONI S.P.A.'),
(56, '2024-09-03 08:46:24', 'XA809JD', '2024-09-02 22:00:00', '2024-12-11 23:00:00', NULL, 'UNIPOLSAI ASSICURAZIONI S.P.A.'),
(57, '2024-09-03 08:46:58', 'XA809JD', '2024-09-02 22:00:00', '2024-09-29 22:00:00', NULL, 'UNIPOLSAI ASSICURAZIONI S.P.A.'),
(58, '2024-09-03 08:49:59', 'XA715MW', '2024-09-02 22:00:00', '2024-09-29 22:00:00', NULL, 'UNIPOLSAI ASSICURAZIONI S.P.A.'),
(59, '2024-09-03 08:50:50', 'XA647RT', '2024-09-02 22:00:00', '2024-11-30 23:00:00', NULL, 'HDI ASSICURAZIONI'),
(60, '2024-09-03 08:52:17', 'XA646RT', '2024-09-02 22:00:00', '2024-11-30 23:00:00', NULL, 'HDI ASSICURAZIONI'),
(61, '2024-09-03 08:53:10', 'XA533EW', '2024-09-02 22:00:00', '2024-09-29 22:00:00', NULL, 'UNIPOLSAI ASSICURAZIONI S.P.A.'),
(62, '2024-09-03 08:53:29', 'XA534EW', '2024-09-02 22:00:00', '2024-09-29 22:00:00', NULL, 'UNIPOLSAI ASSICURAZIONI S.P.A.'),
(63, '2024-09-03 08:54:18', 'XA564MD', '2024-09-02 22:00:00', '2025-03-03 23:00:00', NULL, 'UNIPOLSAI ASSICURAZIONI S.P.A.'),
(64, '2024-09-03 08:54:41', 'XA564MD', '2024-09-02 22:00:00', '2025-03-03 23:00:00', NULL, 'UNIPOLSAI ASSICURAZIONI S.P.A.'),
(65, '2024-09-03 08:54:57', 'XA565MD', '2024-09-02 22:00:00', '2025-03-03 23:00:00', NULL, 'UNIPOLSAI ASSICURAZIONI S.P.A.'),
(66, '2024-09-03 08:55:44', 'XA570EW', '2024-09-02 22:00:00', '2024-12-16 23:00:00', NULL, 'UNIPOLSAI ASSICURAZIONI S.P.A.'),
(67, '2024-09-03 08:57:13', 'XA618RT', '2024-09-02 22:00:00', '2025-03-01 23:00:00', NULL, 'UNIPOLSAI ASSICURAZIONI S.P.A.'),
(68, '2024-09-03 08:57:41', 'XA620RT', '2024-09-02 22:00:00', '2025-03-22 23:00:00', NULL, 'UNIPOLSAI ASSICURAZIONI S.P.A.'),
(69, '2024-09-23 10:50:38', 'XA810JD', '2024-09-15 22:00:00', '2025-03-29 23:00:00', NULL, 'UNIPOLSAI'),
(70, '2024-09-23 10:50:47', 'XA534EW', '2024-09-15 22:00:00', '2025-03-29 23:00:00', NULL, 'UNIPOLSAI'),
(71, '2024-09-23 10:50:59', 'XA533EW', '2024-09-15 22:00:00', '2025-03-29 23:00:00', NULL, 'UNIPOLSAI'),
(72, '2024-09-23 10:51:07', 'XA136PZ', '2024-09-15 22:00:00', '2025-03-29 23:00:00', NULL, 'UNIPOLSAI'),
(73, '2024-09-23 10:51:15', 'ED782FL', '2024-09-15 22:00:00', '2025-03-29 23:00:00', NULL, 'UNIPOLSAI'),
(74, '2024-09-23 10:51:33', 'XA715MW', '2024-09-15 22:00:00', '2025-03-29 23:00:00', NULL, 'UNIPOLSAI'),
(75, '2024-09-23 10:51:43', 'XA853EA', '2024-09-15 22:00:00', '2025-03-29 23:00:00', NULL, 'UNIPOLSAI'),
(76, '2024-09-23 10:53:48', 'GF062DX', '2024-09-15 22:00:00', '2025-03-29 23:00:00', NULL, 'UNIPOLSAI'),
(77, '2024-09-23 10:53:54', 'FD093GW', '2024-09-15 22:00:00', '2025-03-29 23:00:00', NULL, 'UNIPOLSAI'),
(78, '2024-09-23 10:54:02', 'GA021PW', '2024-09-15 22:00:00', '2025-03-29 23:00:00', NULL, 'UNIPOLSAI'),
(79, '2024-09-23 10:54:11', 'FS122FR', '2024-09-15 22:00:00', '2025-03-29 23:00:00', NULL, 'UNIPOLSAI'),
(80, '2024-09-23 10:54:47', 'GJ058TM', '2024-09-15 22:00:00', '2025-03-29 23:00:00', NULL, 'UNIPOLSAI'),
(81, '2024-09-27 08:37:44', 'AD13424', '2024-09-26 22:00:00', '2025-03-29 23:00:00', NULL, 'UNIPOLSAI'),
(82, '2024-09-27 08:37:53', 'AD18246', '2024-09-26 22:00:00', '2025-03-29 23:00:00', NULL, 'UNIPOLSAI'),
(83, '2024-09-27 08:38:05', 'AE27497', '2024-09-26 22:00:00', '2025-03-29 23:00:00', NULL, 'UNIPOLSAI'),
(84, '2024-09-27 08:38:09', 'AF59394', '2024-09-26 22:00:00', '2025-03-29 23:00:00', NULL, 'UNIPOLSAI'),
(85, '2024-09-27 08:38:15', 'DB482GF', '2024-09-26 22:00:00', '2025-03-29 23:00:00', NULL, 'UNIPOLSAI');
INSERT INTO `dipendenti` (`id`, `created_at`, `nome`, `cognome`, `cf`, `citta`, `cap`, `via`, `numero`, `sesso`) VALUES
(1, '2024-08-08 08:19:20', 'Basilio', 'Liuzzo', 'LZZBSL', 'Capo D Orlando', '98071', 'via Trazzera Marina', '15 B', 1);

INSERT INTO `giornate` (`created_at`, `dipendente`, `data`, `presenza`, `presenzaValore`, `trasferta`, `trasfertaValore`, `malattia`, `trasfertaF`) VALUES
('2024-08-08 11:48:14', 1, '2024-08-06', 1, 1, 0, 0, 0, ''),
('2024-08-08 11:48:14', 1, '2024-08-07', 1, 1, 1, 1, 0, ''),
('2024-08-08 11:48:14', 1, '2024-08-08', 2, 1, 0, 0, 0, '');
INSERT INTO `menu` (`ID`, `nome`, `icona`, `link`) VALUES
(1, 'Home', 'home', 'index'),
(2, 'Admin', 'shield_person', 'admin'),
(3, 'veicoli', 'local_shipping', 'veicoli'),
(4, 'Tachigrafo', 'history_toggle_off', 'tachigrafo'),
(5, 'Assicurazioni', 'car_crash', 'assicurazioni'),
(6, 'Revisione', 'car_repair', 'revisioni'),
(7, 'Documenti', 'description', 'documenti'),
(8, 'Dipendenti', 'person_apron', 'dipendenti');
INSERT INTO `revisioni` (`id`, `created_from`, `created_at`, `veicolo`, `valida`, `note`, `km`, `esito`) VALUES
(131, 1, '2025-10-22 22:00:00', 'AD13424', '2025-07-15 22:00:00', '', 188075, 1),
(132, 1, '2025-10-22 22:00:00', 'AE27497', '2025-03-25 23:00:00', '', 188075, 1),
(133, 1, '2025-10-22 22:00:00', 'AD18246', '2024-12-04 23:00:00', '', 188075, 1),
(134, 1, '2025-10-22 22:00:00', 'AF59394', '2025-06-03 22:00:00', '', 188075, 1),
(135, 1, '2025-10-22 22:00:00', 'XA136PZ', '2025-03-18 23:00:00', '', 188075, 1),
(136, 1, '2025-10-22 22:00:00', 'XA121PZ', '2024-09-18 22:00:00', '', 188075, 1),
(137, 1, '2025-10-22 22:00:00', 'XA298RJ', '2024-06-28 22:00:00', '', 188075, 1),
(138, 1, '2025-10-22 22:00:00', 'XA381RJ', '2024-11-13 23:00:00', '', 188075, 1),
(139, 1, '2025-10-22 22:00:00', 'XA444EW', '2024-10-02 22:00:00', '', 188075, 1),
(140, 1, '2025-10-22 22:00:00', 'XA382RJ', '2024-11-06 23:00:00', '', 188075, 1),
(141, 1, '2025-10-22 22:00:00', 'XA462PL', '2024-12-11 23:00:00', '', 188075, 1),
(142, 1, '2025-10-22 22:00:00', 'XA533EW', '2025-02-12 23:00:00', '', 188075, 1),
(143, 1, '2025-10-22 22:00:00', 'XA534EW', '2025-06-03 22:00:00', '', 188075, 1),
(144, 1, '2025-10-22 22:00:00', 'XA564MD', '2025-02-05 23:00:00', '', 188075, 1),
(145, 1, '2025-10-22 22:00:00', 'XA570EW', '2025-07-01 22:00:00', '', 188075, 1),
(146, 1, '2025-10-22 22:00:00', 'XA565MD', '2025-07-15 22:00:00', '', 188075, 1),
(147, 1, '2025-10-22 22:00:00', 'XA620RT', '2025-02-26 23:00:00', '', 188075, 1),
(148, 1, '2025-10-22 22:00:00', 'XA618RT', '2025-02-19 23:00:00', '', 188075, 1),
(149, 1, '2025-10-22 22:00:00', 'XA809JD', '2025-03-18 23:00:00', '', 188075, 1),
(150, 1, '2025-10-22 22:00:00', 'XA810JD', '2024-12-04 23:00:00', '', 188075, 1),
(151, 1, '2025-10-22 22:00:00', 'XA853EA', '2024-12-18 23:00:00', '', 188075, 1),
(152, 1, '2025-10-22 22:00:00', 'XA715MW', '2025-05-20 22:00:00', '', 188075, 1),
(153, 1, '2025-10-22 22:00:00', 'XA872EA', '2025-07-08 22:00:00', '', 188075, 1),
(154, 1, '2024-08-08 07:51:23', 'DB482GF', '2026-05-20 22:00:00', '', 801882, 0),
(155, 1, '2024-08-08 07:56:01', 'ED782FL', '2025-11-26 23:00:00', '', 316620, 0),
(156, 1, '2024-08-08 07:58:19', 'FD404ST', '2024-06-05 22:00:00', '', 474451, 0),
(157, 1, '2024-08-08 08:09:11', 'FD093GW', '2024-06-12 22:00:00', '', 663037, 0),
(158, 1, '2024-08-08 08:10:50', 'FM012XL', '2024-12-11 23:00:00', '', 653082, 0),
(159, 1, '2024-08-08 08:13:09', 'FS122FR', '2024-10-02 22:00:00', '', 500592, 0),
(160, 1, '2024-08-08 08:14:15', 'FV918ZV', '2024-11-06 23:00:00', '', 376265, 0),
(162, 1, '2024-08-09 08:24:11', 'FD093GW', '2024-06-12 22:00:00', '', 663087, 0),
(163, 1, '2024-08-09 08:27:56', 'FY570HC', '2025-08-27 22:00:00', '', 63915, 0),
(164, 1, '2024-08-09 08:32:12', 'GA021PW', '2025-03-25 23:00:00', '', 0, 0),
(165, 1, '2024-08-09 08:34:08', 'GF062DX', '2024-01-23 23:00:00', '', 681175, 0),
(166, 1, '2024-08-09 08:36:24', 'GE989NH', '2025-02-19 23:00:00', '', 289953, 0),
(167, 1, '2024-08-09 08:38:23', 'GF902DY', '2025-02-12 23:00:00', '', 244067, 0),
(168, 1, '2024-08-09 08:40:09', 'GF414DX', '2025-03-18 23:00:00', '', 116475, 0),
(169, 1, '2024-08-09 08:41:30', 'GF767DX', '2024-11-13 23:00:00', '', 124720, 0),
(170, 1, '2024-08-09 08:44:18', 'GJ058TM', '2025-04-08 22:00:00', '', 125723, 0),
(171, 1, '2024-08-09 08:47:18', 'GJ084TM', '2025-07-01 22:00:00', '', 119430, 0),
(172, 2, '2024-08-09 12:29:15', 'AD18246', '2025-12-04 23:00:00', '', 0, 0),
(173, 2, '2024-08-30 07:00:07', 'XA298RJ', '2026-08-26 22:00:00', '', 0, 0),
(174, 2, '2024-08-30 09:26:51', 'FD093GW', '2025-08-26 22:00:00', '', 787540, 0),
(175, 2, '2024-08-30 11:07:12', 'FD404ST', '2025-08-08 22:00:00', '', 525749, 0),
(176, 2, '2024-08-30 14:01:23', 'ZA066XX', '2024-08-30 22:00:00', 'prova', 0, 0),
(177, 1, '2024-08-30 15:37:08', 'GB287FV', '2024-07-22 22:00:00', '', 27059, 0),
(178, 1, '2024-08-30 15:37:28', 'GB287FV', '2026-07-22 22:00:00', '', 27059, 0),
(179, 2, '2024-09-03 07:24:56', 'GF062DX', '2025-02-05 23:00:00', '', 681175, 0),
(180, 2, '2024-09-03 07:26:04', 'GN373FR', '2027-11-15 23:00:00', '', 0, 0),
(181, 2, '2024-09-03 08:30:19', 'ZA066XX', '2025-10-22 22:00:00', '', 188075, 0),
(182, 2, '2024-09-03 08:32:57', 'XA646RT', '2024-11-12 23:00:00', '', 0, 0),
(183, 2, '2024-09-03 08:33:26', 'XA647RT', '2024-11-12 23:00:00', '', 0, 0);
INSERT INTO `tachigrafi` (`id`, `created_from`, `created_at`, `veicolo`, `valida`, `note`, `km`) VALUES
(16, 1, '2024-08-07 09:54:18', 'FS122FR', '2025-04-15 22:00:00', '', 0),
(17, 1, '2024-08-07 09:54:42', 'GF062DX', '2025-05-13 22:00:00', '', 0),
(18, 1, '2024-08-07 09:59:41', 'GF767DX', '2024-10-11 22:00:00', '', 0),
(19, 1, '2024-08-07 10:05:05', 'GA021PW', '2024-11-22 23:00:00', '', 0),
(20, 1, '2024-08-07 10:07:13', 'GJ084TM', '2025-05-17 22:00:00', '', 0),
(21, 1, '2024-08-07 10:09:30', 'GJ058TM', '2025-03-13 23:00:00', '', 0),
(22, 1, '2024-08-07 10:25:06', 'FD404ST', '2026-02-27 23:00:00', '', 0),
(23, 1, '2024-08-07 10:26:03', 'FM012XL', '2026-04-21 22:00:00', '', 0),
(24, 2, '2024-08-30 11:01:51', 'DB482GF', '2026-04-29 22:00:00', '', 0),
(25, 2, '2024-08-30 11:03:06', 'GF414DX', '2026-02-08 23:00:00', '', 0),
(26, 1, '2024-08-30 16:35:17', 'GF902DY', '2025-11-26 23:00:00', '', 0),
(27, 1, '2024-08-30 16:44:10', 'GE989NH', '2023-06-01 22:00:00', 'WJMM62AV70C455817', 0),
(28, 1, '2024-08-31 06:57:29', 'GN373FR', '2023-11-20 23:00:00', '', 0),
(29, 2, '2024-09-03 07:23:25', 'FV918ZV', '2026-02-08 23:00:00', '', 0),
(30, 2, '2024-09-03 08:35:06', 'GN373FR', '2024-11-12 23:00:00', '', 0),
(31, 1, '2024-09-23 08:24:24', 'GE989NH', '2025-06-18 22:00:00', '', 0),
(32, 1, '2024-11-06 17:21:39', 'GN373FR', '2025-11-12 23:00:00', 'DA immatricolazione', 0);
INSERT INTO `ufficio` (`ID`, `nome`) VALUES
(1, 'Ufficio  IT'),
(2, 'Ufficio Amministrativo');
INSERT INTO `utenti` (`id`, `user`, `password`, `nome`, `cognome`, `ufficio`, `img`) VALUES
(1, 'admin', '71Z2', 'Andrea', 'Liuzzo', 1, 'al.svg'),
(2, 'pippo', '1eE9', 'Giuseppe', 'Liuzzo', 2, 'gp.svg'),
(3, 'Basilio', '56aS', 'Basilio', 'Liuzzo', 2, '');
